[
  {
    "content": "Effective: March 2020\nPurpose\n\nThe purpose of this full-time work-from-home policy is to provide guidelines and support for employees to conduct their work remotely, ensuring the continuity and productivity of business operations during the COVID-19 pandemic and beyond.\nScope\n\nThis policy applies to all employees who are eligible for remote work as determined by their role and responsibilities. It is designed to allow employees to work from home full time while maintaining the same level of performance and collaboration as they would in the office.\nEligibility\n\nEmployees who can perform their work duties remotely and have received approval from their direct supervisor and the HR department are eligible for this work-from-home arrangement.\nEquipment and Resources\n\nThe necessary equipment and resources will be provided to employees for remote work, including a company-issued laptop, software licenses, and access to secure communication tools. Employees are responsible for maintaining and protecting the company's equipment and data.\nWorkspace\n\nEmployees working from home are responsible for creating a comfortable and safe workspace that is conducive to productivity. This includes ensuring that their home office is ergonomically designed, well-lit, and free from distractions.\nCommunication\n\nEffective communication is vital for successful remote work. Employees are expected to maintain regular communication with their supervisors, colleagues, and team members through email, phone calls, video conferences, and other approved communication tools.\nWork Hours and Availability\n\nEmployees are expected to maintain their regular work hours and be available during normal business hours, unless otherwise agreed upon with their supervisor. Any changes to work hours or availability must be communicated to the employee's supervisor and the HR department.\nPerformance Expectations\n\nEmployees working from home are expected to maintain the same level of performance and productivity as if they were working in the office. Supervisors and team members will collaborate to establish clear expectations and goals for remote work.\nTime Tracking and Overtime\n\nEmployees are required to accurately track their work hours using the company's time tracking system. Non-exempt employees must obtain approval from their supervisor before working overtime.\nConfidentiality and Data Security\n\nEmployees must adhere to the company's confidentiality and data security policies while working from home. This includes safeguarding sensitive information, securing personal devices and internet connections, and reporting any security breaches to the IT department.\nHealth and Well-being\n\nThe company encourages employees to prioritize their health and well-being while working from home. This includes taking regular breaks, maintaining a work-life balance, and seeking support from supervisors and colleagues when needed.\nPolicy Review and Updates\n\nThis work-from-home policy will be reviewed periodically and updated as necessary, taking into account changes in public health guidance, business needs, and employee feedback.\nQuestions and Concerns\n\nEmployees are encouraged to direct any questions or concerns about this policy to their supervisor or the HR department.\n",
    "summary": "This policy outlines the guidelines for full-time remote work, including eligibility, equipment and resources, workspace requirements, communication expectations, performance expectations, time tracking and overtime, confidentiality and data security, health and well-being, and policy reviews and updates. Employees are encouraged to direct any questions or concerns",
    "name": "Work From Home Policy",
    "url": "./sharepoint/Work from home policy.txt",
    "created_on": "2020-03-01",
    "updated_at": "2020-03-01",
    "category": "teams",
    "rolePermissions": ["demo", "manager"]
  },
  {
    "content": "Starting May 2022, the company will be implementing a two-day in-office work requirement per week for all eligible employees. Please coordinate with your supervisor and HR department to schedule your in-office workdays while continuing to follow all safety protocols.\n",
    "summary": "Starting May 2022, employees will need to work two days a week in the office. Coordinate with your supervisor and HR department for these days while following safety protocols.",
    "name": "April Work From Home Update",
    "url": "./sharepoint/April work from home update.txt",
    "created_on": "2022-04-29",
    "updated_at": "2022-04-29",
    "category": "teams",
    "rolePermissions": ["demo", "manager"]
  },
  {
    "content": "As we continue to prioritize the well-being of our employees, we are making a slight adjustment to our hybrid work policy. Starting May 1, 2023, employees will be required to work from the office three days a week, with two days designated for remote work. Please communicate with your supervisor and HR department to establish your updated in-office workdays.\n",
    "summary": "Starting May 1, 2023, our hybrid work policy will require employees to work from the office three days a week and two days remotely.",
    "name": "Wfh Policy Update May 2023",
    "url": "./sharepoint/WFH policy update May 2023.txt",
    "created_on": "2023-05-01",
    "updated_at": "2023-05-01",
    "category": "teams",
    "rolePermissions": ["demo", "manager"]
  },
  {
    "content": "Executive Summary:\nThis sales strategy document outlines the key objectives, focus areas, and action plans for our tech company's sales operations in fiscal year 2024. Our primary goal is to increase revenue, expand market share, and strengthen customer relationships in our target markets.\n\nI. Objectives for Fiscal Year 2024\n\nIncrease revenue by 20% compared to fiscal year 2023.\nExpand market share in key segments by 15%.\nRetain 95% of existing customers and increase customer satisfaction ratings.\nLaunch at least two new products or services in high-demand market segments.\n\nII. Focus Areas\nA. Target Markets:\nContinue to serve existing markets with a focus on high-growth industries.\nIdentify and penetrate new markets with high potential for our products and services.\n\nB. Customer Segmentation:\nStrengthen relationships with key accounts and strategic partners.\nPursue new customers in underserved market segments.\nDevelop tailored offerings for different customer segments based on their needs and preferences.\n\nC. Product/Service Portfolio:\nOptimize the existing product/service portfolio by focusing on high-demand solutions.\nDevelop and launch innovative products/services in emerging technology areas.\nEnhance post-sales support and customer service to improve customer satisfaction.\n\nIII. Action Plans\nA. Sales Team Development:\nExpand the sales team to cover new markets and industries.\nProvide ongoing training to sales staff on product knowledge, sales techniques, and industry trends.\nImplement a performance-based incentive system to reward top performers.\n\nB. Marketing and Promotion:\nDevelop targeted marketing campaigns for different customer segments and industries.\nLeverage digital marketing channels to increase brand visibility and lead generation.\nParticipate in industry events and trade shows to showcase our products and services.\n\nC. Partner Ecosystem:\nStrengthen existing partnerships and establish new strategic alliances to expand market reach.\nCollaborate with partners on joint marketing and sales initiatives.\nProvide partner training and support to ensure they effectively represent our products and services.\n\nD. Customer Success:\nImplement a proactive customer success program to improve customer retention and satisfaction.\nDevelop a dedicated customer support team to address customer inquiries and concerns promptly.\nCollect and analyze customer feedback to identify areas for improvement in our products, services, and processes.\n\nIV. Monitoring and Evaluation\nEstablish key performance indicators (KPIs) to track progress toward our objectives.\nConduct regular sales team meetings to review performance, share best practices, and address challenges.\nConduct quarterly reviews of our sales strategy to ensure alignment with market trends and adjust as needed.\n\nBy following this sales strategy for fiscal year 2024, our tech company aims to achieve significant growth and success in our target markets, while also providing exceptional value and service to our customers.\n",
    "summary": "This sales strategy document outlines objectives, focus areas, and action plans for our tech company's sales operations in fiscal year 2024. Our primary goal is to increase revenue, expand market share, and strengthen customer relationships in our target markets. Focus areas include targeting new markets, segmenting customers, enhancing",
    "name": "Fy2024 Company Sales Strategy",
    "url": "./sharepoint/FY2024 Company Sales Strategy.txt",
    "category": "teams",
    "created_on": "2023-04-15",
    "updated_at": "2023-04-15",
    "rolePermissions": ["demo", "manager"]
  },
  {
    "content": "Purpose\n\nThe purpose of this vacation policy is to outline the guidelines and procedures for requesting and taking time off from work for personal and leisure purposes. This policy aims to promote a healthy work-life balance and encourage employees to take time to rest and recharge.\nScope\n\nThis policy applies to all full-time and part-time employees who have completed their probationary period.\nVacation Accrual\n\nFull-time employees accrue vacation time at a rate of [X hours] per month, equivalent to [Y days] per year. Part-time employees accrue vacation time on a pro-rata basis, calculated according to their scheduled work hours.\n\nVacation time will begin to accrue from the first day of employment, but employees are eligible to take vacation time only after completing their probationary period. Unused vacation time will be carried over to the next year, up to a maximum of [Z days]. Any additional unused vacation time will be forfeited.\nVacation Scheduling\n\nEmployees are required to submit vacation requests to their supervisor at least [A weeks] in advance, specifying the start and end dates of their vacation. Supervisors will review and approve vacation requests based on business needs, ensuring adequate coverage during the employee's absence.\n\nEmployees are encouraged to plan their vacations around the company's peak and non-peak periods to minimize disruptions. Vacation requests during peak periods may be subject to limitations and require additional advance notice.\nVacation Pay\n\nEmployees will receive their regular pay during their approved vacation time. Vacation pay will be calculated based on the employee's average earnings over the [B weeks] preceding their vacation.\nUnplanned Absences and Vacation Time\n\nIn the event of an unplanned absence due to illness or personal emergencies, employees may use their accrued vacation time, subject to supervisor approval. Employees must inform their supervisor as soon as possible and provide any required documentation upon their return to work.\nVacation Time and Termination of Employment\n\nIf an employee's employment is terminated, they will be paid out for any unused vacation time, calculated based on their current rate of pay.\nPolicy Review and Updates\n\nThis vacation policy will be reviewed periodically and updated as necessary, taking into account changes in labor laws, business needs, and employee feedback.\nQuestions and Concerns\n\nEmployees are encouraged to direct any questions or concerns about this policy to their supervisor or the HR department.\n",
    "summary": ": This policy outlines the guidelines and procedures for requesting and taking time off from work for personal and leisure purposes. Full-time employees accrue vacation time at a rate of [X hours] per month, equivalent to [Y days] per year. Vacation requests must be submitted to supervisors at least",
    "name": "Company Vacation Policy",
    "url": "https://enterprisesearch.sharepoint.com/:t:/s/MSBuilddemo/ES6rw9bKZxVBobG1WUoJpikBF9Bhx1pw_GvJWbsg-Z_HNA?e=faSHVt",
    "created_on": "2018-04-15",
    "updated_at": "2018-04-16",
    "category": "sharepoint",
    "rolePermissions": ["demo", "manager"]
  },

  {
    "content": "This career leveling matrix provides a framework for understanding the various roles and responsibilities of Software Engineers, as well as the skills and experience required for each level. This matrix is intended to support employee development, facilitate performance evaluations, and provide a clear career progression path.\nJunior Software Engineer\n\nResponsibilities:\nCollaborate with team members to design, develop, and maintain software applications and components.\nWrite clean, well-structured, and efficient code following established coding standards.\nParticipate in code reviews, providing and receiving constructive feedback.\nTroubleshoot and resolve software defects and issues.\nAssist with the creation of technical documentation.\nContinuously learn and stay up-to-date with new technologies and best practices.\n\nSkills & Experience:\nBachelor\u2019s degree in Computer Science or a related field, or equivalent work experience.\nBasic understanding of software development principles and methodologies.\nProficiency in at least one programming language.\nStrong problem-solving and analytical skills.\nEffective communication and collaboration skills.\nEagerness to learn and grow within the field.\nSenior Software Engineer\n\nResponsibilities:\nDesign, develop, and maintain complex software applications and components.\nLead and mentor junior team members in software development best practices and techniques.\nConduct code reviews and ensure adherence to coding standards and best practices.\nCollaborate with cross-functional teams to define, design, and deliver software solutions.\nIdentify, troubleshoot, and resolve complex software defects and issues.\nContribute to the creation and maintenance of technical documentation.\nEvaluate and recommend new technologies, tools, and practices to improve software quality and efficiency.\n\nSkills & Experience:\nBachelor\u2019s degree in Computer Science or a related field, or equivalent work experience.\n5+ years of software development experience.\nProficiency in multiple programming languages and technologies.\nDemonstrated ability to design and implement complex software solutions.\nStrong leadership, mentoring, and collaboration skills.\nExcellent problem-solving, analytical, and communication skills.\nPrincipal Software Engineer\n\nResponsibilities:\nLead the design, development, and maintenance of large-scale, mission-critical software applications and components.\nProvide technical leadership and mentorship to software engineering teams.\nDrive the adoption of advanced software development practices and technologies.\nCollaborate with product management, architecture, and other stakeholders to define and deliver strategic software initiatives.\nIdentify, troubleshoot, and resolve the most complex software defects and issues.\nCreate and maintain technical documentation, including architectural designs and best practice guidelines.\nRepresent [Company Name] as a thought leader in the software engineering community, including speaking at conferences, publishing articles, and contributing to open-source projects.\n\nSkills & Experience:\nBachelor\u2019s degree in Computer Science or a related field, or equivalent work experience.\n10+ years of software development experience, with a focus on large-scale, mission-critical applications.\nExpertise in multiple programming languages, technologies, and software development methodologies.\nProven ability to lead and mentor high-performing software engineering teams.\nExceptional problem-solving, analytical, and communication skills.\nStrong business acumen and ability to influence decision-making at the executive level.\n\nBy following this career leveling matrix, we aim to support the growth and development of Software Engineers, enabling them to reach their full potential and contribute meaningfully to the success of the organization.\n",
    "summary": "\nThis career leveling matrix provides a framework for understanding the various roles and responsibilities of Software Engineers, as well as the skills and experience required for each level. It is intended to support employee development, facilitate performance evaluations, and provide a clear career progression path.",
    "name": "Swe Career Matrix",
    "url": "https://enterprisesearch.sharepoint.com/:t:/s/MSBuilddemo/EVYuEyRhHh5Aqc3a39sqbGcBkqKIHRWtJBjjUjNs6snpMg?e=nv1mf4",
    "created_on": "2018-04-15",
    "category": "sharepoint",
    "rolePermissions": ["demo", "manager"]
  },
  {
    "content": "Title: Working with the Sales Team as an Engineer in a Tech Company\n\nIntroduction:\nAs an engineer in a tech company, collaboration with the sales team is essential to ensure the success of the company's products and services. This guidance document aims to provide an overview of how engineers can effectively work with the sales team, fostering a positive and productive working environment.\nUnderstanding the Sales Team's Role:\nThe sales team is responsible for promoting and selling the company's products and services to potential clients. Their role involves establishing relationships with customers, understanding their needs, and ensuring that the offered solutions align with their requirements.\n\nAs an engineer, it is important to understand the sales team's goals and objectives, as this will help you to provide them with the necessary information, tools, and support to successfully sell your company's products and services.\nCommunication:\nEffective communication is key to successfully working with the sales team. Make sure to maintain open lines of communication, and be responsive to their questions and concerns. This includes:\n\na. Attending sales meetings and conference calls when required.\nb. Providing regular product updates and training sessions to the sales team.\nc. Being available to answer technical questions and clarifications.\nCollaboration:\nCollaborate with the sales team in developing and refining sales materials, such as product presentations, demos, and technical documents. This will ensure that the sales team has accurate and up-to-date information to present to clients.\n\nAdditionally, work closely with the sales team on customer projects or product customizations, providing technical guidance, and ensuring that the solutions meet the customer's requirements.\nCustomer Engagement:\nAt times, engineers may be asked to join sales meetings or calls with potential clients to provide technical expertise. In these situations, it is important to:\n\na. Be prepared and understand the customer's needs and pain points.\nb. Clearly explain the technical aspects of the product or solution in a simple language that the customer can understand.\nc. Address any concerns or questions the customer may have.\nContinuous Improvement:\nActively seek feedback from the sales team regarding product performance, customer experiences, and market trends. Use this feedback to identify areas of improvement and collaborate with other engineers to enhance the product or service offerings.\nMutual Respect and Support:\nIt is essential to treat your colleagues in the sales team with respect and professionalism. Recognize and appreciate their efforts in promoting and selling the company's products and services. In turn, the sales team should also respect and appreciate the technical expertise and knowledge of the engineering team.\n\nBy working together, both the engineering and sales teams can contribute to the overall success of the company.\n\nConclusion:\nCollaboration between engineers and the sales team is crucial for a tech company's success. By understanding each other's roles, maintaining effective communication, collaborating on projects, and supporting one another, both teams can work together to achieve the company's goals and ensure customer satisfaction.\n",
    "summary": ": This guide provides an overview of how engineers can effectively collaborate with the sales team to ensure the success of a tech company. It includes understanding the sales team's role, communicating and collaborating on projects, engaging customers, and providing mutual respect and support.",
    "name": "Sales Engineering Collaboration",
    "url": "https://enterprisesearch.sharepoint.com/:t:/s/MSBuilddemo/EW21-KJnfHBFoRiF49_uJMcBfHyPKimuPOFsCcJypQWaBQ?e=mGdIqe",
    "created_on": "2019-04-15",
    "category": "sharepoint",
    "rolePermissions": ["demo", "manager"]
  },
  {
    "content": "Purpose\nThe purpose of this Intellectual Property Policy is to establish guidelines and procedures for the ownership, protection, and utilization of intellectual property generated by employees during their employment. This policy aims to encourage creativity and innovation while ensuring that the interests of both the company and its employees are protected.\n\nScope\nThis policy applies to all employees, including full-time, part-time, temporary, and contract employees.\n\nDefinitions\na. Intellectual Property (IP): Refers to creations of the mind, such as inventions, literary and artistic works, designs, symbols, and images, that are protected by copyright, trademark, patent, or other forms of legal protection.\nb. Company Time: Refers to the time during which an employee is actively engaged in performing their job duties.\nc. Outside Company Time: Refers to the time during which an employee is not engaged in performing their job duties.\n\nOwnership of Intellectual Property\na. Work Generated on Company Time\ni. Any intellectual property created, conceived, or developed by an employee during company time or using company resources, equipment, or facilities shall be considered the property of the Company.\nii. Employees are required to promptly disclose any such intellectual property to their supervisor or the appropriate department head.\nb. Work Generated Outside Company Time\ni. Intellectual property created, conceived, or developed by an employee outside of company time and without the use of company resources, equipment, or facilities shall generally remain the property of the employee.\nii. However, if the intellectual property is directly related to the employee's job responsibilities, or if the employee has used company resources, equipment, or facilities in its creation, it may be considered the property of the Company.\nProtection and Utilization of Intellectual Property\na. The Company shall have the right to protect, license, and commercialize any intellectual property owned by the company as it deems appropriate.\nb. Employees are expected to cooperate with the Company in obtaining any necessary legal protection for intellectual property owned by the company, including by signing any documents or providing any necessary information or assistance.\nConfidentiality\nEmployees are expected to maintain the confidentiality of any intellectual property owned by the Company and not disclose it to any third parties without the express written consent of an authorized representative of the company.\nEmployee Acknowledgment\nAll employees are required to sign an acknowledgment of this Intellectual Property Policy as a condition of their employment with [Company Name]. By signing the acknowledgment, employees agree to abide by the terms of this policy and understand that any violations may result in disciplinary action, up to and including termination of employment.\nPolicy Review\nThis Intellectual Property Policy shall be reviewed periodically and may be amended as necessary to ensure its continued effectiveness and compliance with applicable laws and regulations. Employees will be notified of any significant changes to this policy.\n",
    "summary": "This Intellectual Property Policy outlines guidelines and procedures for the ownership, protection, and utilization of intellectual property generated by employees during their employment. It establishes the company's ownership of work generated on company time, while recognizing employee ownership of work generated outside of company time without the use of company resources. The policy",
    "name": "Intellectual Property Policy",
    "url": "https://enterprisesearch.sharepoint.com/:t:/s/MSBuilddemo/EWz3cYEVdzBNsiHsYbKhms4BVYGhravyrUw3T3lzxL4pTg?e=mPIgbO",
    "created_on": "2021-06-15",
    "category": "sharepoint",
    "rolePermissions": ["demo", "manager"]
  },

  {
    "content": "Code of Conduct\nPurpose\n\nThe purpose of this code of conduct is to establish guidelines for professional and ethical behavior in the workplace. It outlines the principles and values that all employees are expected to uphold in their interactions with colleagues, customers, partners, and other stakeholders.\nScope\n\nThis code of conduct applies to all employees, contractors, and volunteers within the organization, regardless of their role or seniority.\nCore Values\n\nEmployees are expected to adhere to the following core values:\n\na. Integrity: Act honestly, ethically, and in the best interests of the organization at all times.\nb. Respect: Treat all individuals with dignity, courtesy, and fairness, regardless of their background, beliefs, or position.\nc. Accountability: Take responsibility for one's actions and decisions, and be willing to learn from mistakes.\nd. Collaboration: Work cooperatively with colleagues and partners to achieve shared goals and promote a positive work environment.\ne. Excellence: Strive for the highest standards of performance and continuously seek opportunities for improvement.\nCompliance with Laws and Regulations\n\nEmployees must comply with all applicable laws, regulations, and organizational policies in the course of their work. This includes, but is not limited to, employment laws, data protection regulations, and industry-specific guidelines.\nConflicts of Interest\n\nEmployees should avoid situations where their personal interests may conflict with or influence their professional judgment. If a potential conflict of interest arises, employees must disclose it to their supervisor or the appropriate authority within the organization.\nConfidentiality and Information Security\n\nEmployees are responsible for safeguarding the organization's confidential information, as well as any sensitive information entrusted to them by clients, partners, or other third parties. This includes adhering to data protection policies and using secure communication channels.\nHarassment and Discrimination\n\nThe organization is committed to providing a workplace free from harassment, discrimination, and bullying. Employees are expected to treat others with respect and report any incidents of inappropriate behavior to their supervisor or the human resources department.\nHealth and Safety\n\nEmployees must follow all health and safety guidelines and procedures to maintain a safe and healthy work environment. This includes reporting any hazards or unsafe conditions to the appropriate personnel.\nUse of Company Resources\n\nEmployees are expected to use company resources, including time, equipment, and funds, responsibly and for their intended purposes. Misuse or theft of company resources is strictly prohibited.\nReporting Violations\n\nEmployees have a responsibility to report any suspected violations of this code of conduct, as well as any illegal or unethical behavior, to their supervisor or the appropriate authority within the organization. The organization will protect the confidentiality of employees who report violations and will not tolerate retaliation against those who raise concerns.\nConsequences of Non-Compliance\n\nFailure to adhere to this code of conduct may result in disciplinary action, up to and including termination of employment. The organization reserves the right to take legal action against individuals who engage in illegal or unethical conduct.\nPolicy Review and Updates\n\nThis code of conduct will be reviewed periodically and updated as necessary to ensure it remains relevant and effective in promoting ethical behavior and professional standards within the organization.\nQuestions and Concerns\n\nEmployees are encouraged to seek guidance from their supervisor or the human resources department if they have questions or concerns about this code of conduct or its application to specific situations.\n",
    "summary": "This code of conduct outlines the principles and values that all employees are expected to uphold in their interactions with colleagues, customers, partners, and other stakeholders. It sets out core values such as integrity, respect, accountability, collaboration and excellence. Employees must comply with all applicable laws, regulations, and organizational",
    "name": "Code Of Conduct",
    "url": "https://enterprisesearch.sharepoint.com/:t:/s/MSBuilddemo/ER3xmeKaZ_pAqPeJWyyNR0QBg6QmoWIGPhwfEyCABWHrPA?e=cvzrgV",
    "created_on": "2018-01-12",
    "category": "sharepoint",
    "rolePermissions": ["demo", "manager"]
  },
  {
    "content": "Content:\nThe purpose of this office pet policy is to outline the guidelines and procedures for bringing pets into the workplace. This policy aims to create a positive and inclusive work environment while ensuring the comfort, safety, and well-being of all employees, visitors, and pets.\nScope\n\nThis policy applies to all employees who wish to bring their pets to the office. Pets covered under this policy include dogs, cats, and other small, non-exotic animals, subject to approval by the HR department.\nPet Approval Process\n\nEmployees must obtain prior approval from their supervisor and the HR department before bringing their pets to the office. The approval process includes:\n\na. Submitting a written request, including a description of the pet, its breed, age, and temperament.\nb. Providing proof of up-to-date vaccinations and any required licenses or permits.\nc. Obtaining written consent from all employees who share the workspace with the pet owner.\n\nThe HR department reserves the right to deny or revoke pet approval based on the specific circumstances or concerns raised by other employees.\nPet Behavior and Supervision\n\nEmployees are responsible for the behavior and well-being of their pets while in the office. Pets must be:\n\na. Well-behaved, non-aggressive, and not disruptive to the work environment.\nb. House-trained and able to eliminate waste in designated areas outside the office.\nc. Kept on a leash or in a secure enclosure when not in the employee's immediate work area.\n\nEmployees must closely supervise their pets and promptly address any issues or concerns raised by other staff members.\nAllergies and Phobias\n\nEmployees with allergies or phobias related to pets must inform the HR department, which will work with the affected employees and pet owners to find a suitable solution. This may include adjusting workspaces, limiting the number or types of pets allowed, or implementing additional safety measures.\nCleanliness and Hygiene\n\nEmployees are responsible for maintaining a clean and hygienic work environment. This includes:\n\na. Cleaning up after their pets, both indoors and outdoors.\nb. Regularly grooming their pets to minimize shedding and odors.\nc. Ensuring their pets are free of pests, such as fleas and ticks.\nLiability\n\nPet owners are liable for any damage or injury caused by their pets. Employees are encouraged to obtain pet liability insurance to cover potential incidents.\nRestricted Areas\n\nPets are not allowed in certain areas of the office, including meeting rooms, restrooms, kitchen and dining areas, and any other designated spaces. Signage will be posted to indicate these restricted areas.\nPolicy Review and Updates\n\nThis office pet policy will be reviewed periodically and updated as necessary, taking into account employee feedback, changes in legislation, and best practices for maintaining a safe and inclusive work environment.\nQuestions and Concerns\n\nEmployees are encouraged to direct any questions or concerns about this policy to their supervisor or the HR department.\n",
    "summary": "This policy outlines the guidelines and procedures for bringing pets into the workplace. It covers approval process, pet behavior and supervision, allergies and phobias, cleanliness and hygiene, liability, restricted areas, and policy review. Employees must obtain prior approval from their supervisor and the HR department before bringing their",
    "name": "Office Pet Policy",
    "url": "https://enterprisesearch.sharepoint.com/:t:/s/MSBuilddemo/ETf-69wBeaZJpAn3CY7ExRABQWvav-p24VOnB6C0A4l2pQ?e=X72WuK",
    "created_on": "2018-01-12",
    "category": "sharepoint",
    "rolePermissions": ["demo", "manager"]
  },
  {
    "content": "Performance Management Policy\nPurpose and Scope\nThe purpose of this Performance Management Policy is to establish a consistent and transparent process for evaluating, recognizing, and rewarding employee performance. This policy applies to all employees and aims to foster a culture of continuous improvement, professional growth, and open communication between employees and management.\nPerformance Planning and Goal Setting\nAt the beginning of each performance cycle, employees and their supervisors will collaborate to set clear, achievable, and measurable performance goals. These goals should align with the company\u2019s strategic objectives and take into account the employee\u2019s job responsibilities, professional development, and career aspirations.\nOngoing Feedback and Communication\nThroughout the performance cycle, employees and supervisors are encouraged to engage in regular, constructive feedback and open communication. This includes discussing progress towards goals, addressing challenges, and identifying opportunities for improvement or additional support. Regular check-ins and updates help ensure that employees stay on track and receive the guidance they need to succeed.\nPerformance Evaluation\nAt the end of each performance cycle, employees will participate in a formal performance evaluation with their supervisor. This evaluation will assess the employee\u2019s overall performance, including their achievements, areas for improvement, and progress towards goals. Both the employee and supervisor should come prepared to discuss specific examples, accomplishments, and challenges from the performance period.\nPerformance Ratings\nBased on the performance evaluation, employees will receive a performance rating that reflects their overall performance during the cycle. The rating system should be clearly defined and consistently applied across the organization. Performance ratings will be used to inform decisions regarding promotions, salary increases, and other rewards or recognition.\nPromotions and Advancements\nHigh-performing employees who consistently demonstrate strong performance, leadership, and a commitment to the company\u2019s values may be considered for promotions or other advancement opportunities. Promotions will be based on factors such as performance ratings, skills, experience, and the needs of the organization. Employees interested in pursuing a promotion should discuss their career goals and development plans with their supervisor.\nPerformance Improvement Plans\nEmployees who receive a low performance rating or are struggling to meet their performance goals may be placed on a Performance Improvement Plan (PIP). A PIP is a structured plan designed to help the employee address specific areas of concern, set achievable improvement goals, and receive additional support or resources as needed. Employees on a PIP will be closely monitored and re-evaluated at the end of the improvement period to determine if satisfactory progress has been made.\nRecognition and Rewards\nOur company believes in recognizing and rewarding employees for their hard work and dedication. In addition to promotions and salary increases, employees may be eligible for other forms of recognition or rewards based on their performance. This may include bonuses, awards, or other incentives designed to motivate and celebrate employee achievements. The specific criteria and eligibility for these rewards will be communicated by the HR department or management.\n",
    "summary": "This Performance Management Policy outlines a consistent and transparent process for evaluating, recognizing, and rewarding employees. It includes goal setting, ongoing feedback, performance evaluations, ratings, promotions, and rewards. The policy applies to all employees and encourages open communication and professional growth.",
    "name": "Performance Management Policy",
    "url": "https://enterprisesearch.sharepoint.com/:t:/s/MSBuilddemo/ERsxt9p1uehJqeJu4JlxkakBavbKwcldrYv_hpv3xHikAw?e=pf5R2C",
    "created_on": "2018-01-12",
    "category": "sharepoint",
    "rolePermissions": ["demo", "manager"]
  },

  {
    "content": "Our sales organization is structured to effectively serve our customers and achieve our business objectives across multiple regions. The organization is divided into the following main regions:\n\nThe Americas: This region includes the United States, Canada, Mexico, as well as Central and South America. The North America South America region (NASA) has two Area Vice-Presidents: Laura Martinez is the Area Vice-President of North America, and Gary Johnson is the Area Vice-President of South America.\n\nEurope: Our European sales team covers the entire continent, including the United Kingdom, Germany, France, Spain, Italy, and other countries. The team is responsible for understanding the unique market dynamics and cultural nuances, enabling them to effectively target and engage with customers across the region. The Area Vice-President for Europe is Rajesh Patel.\nAsia-Pacific: This region encompasses countries such as China, Japan, South Korea, India, Australia, and New Zealand. Our sales team in the Asia-Pacific region works diligently to capitalize on growth opportunities and address the diverse needs of customers in this vast and rapidly evolving market. The Area Vice-President for Asia-Pacific is Mei Li.\nMiddle East & Africa: This region comprises countries across the Middle East and Africa, such as the United Arab Emirates, Saudi Arabia, South Africa, and Nigeria. Our sales team in this region is responsible for navigating the unique market challenges and identifying opportunities to expand our presence and better serve our customers. The Area Vice-President for Middle East & Africa is Jamal Abdi.\n\nEach regional sales team consists of dedicated account managers, sales representatives, and support staff, led by their respective Area Vice-Presidents. They are responsible for identifying and pursuing new business opportunities, nurturing existing client relationships, and ensuring customer satisfaction. The teams collaborate closely with other departments, such as marketing, product development, and customer support, to ensure we consistently deliver high-quality products and services to our clients.\n",
    "summary": "\nOur sales organization is divided into four regions: The Americas, Europe, Asia-Pacific, and Middle East & Africa. Each region is led by an Area Vice-President and consists of dedicated account managers, sales representatives, and support staff. They collaborate with other departments to ensure the delivery of high",
    "name": "Sales Organization Overview",
    "url": "https://enterprisesearch.sharepoint.com/:t:/s/MSBuilddemo/EYsr1eqgn9hMslMJFLR-k54BBX-O3iC26bK7xNEBtYIBkg?e=xeAjiT",
    "created_on": "2018-01-15",
    "category": "sharepoint",
    "rolePermissions": ["demo", "manager"]
  },
  {
    "content": "Introduction:\nThis document outlines the compensation bands strategy for the various teams within our IT company. The goal is to establish a fair and competitive compensation structure that aligns with industry standards, rewards performance, and attracts top talent. By implementing this strategy, we aim to foster employee satisfaction and retention while ensuring the company's overall success.\n\nPurpose:\nThe purpose of this compensation bands strategy is to:\na. Define clear guidelines for salary ranges based on job levels and market benchmarks.\nb. Support equitable compensation practices across different teams.\nc. Encourage employee growth and performance.\nd. Enable effective budgeting and resource allocation.\n\nJob Levels:\nTo establish a comprehensive compensation structure, we have defined distinct job levels within each team. These levels reflect varying degrees of skills, experience, and responsibilities. The levels include:\na. Entry-Level: Employees with limited experience or early career professionals.\nb. Intermediate-Level: Employees with moderate experience and demonstrated competence.\nc. Senior-Level: Experienced employees with advanced skills and leadership capabilities.\nd. Leadership-Level: Managers and team leaders responsible for strategic decision-making.\n\nCompensation Bands:\nBased on the job levels, the following compensation bands have been established:\na. Entry-Level Band: This band encompasses salary ranges for employees in entry-level positions. It aims to provide competitive compensation for individuals starting their careers within the company.\n\nb. Intermediate-Level Band: This band covers salary ranges for employees who have gained moderate experience and expertise in their respective roles. It rewards employees for their growing skill set and contributions.\n\nc. Senior-Level Band: The senior-level band includes salary ranges for experienced employees who have attained advanced skills and have a proven track record of delivering results. It reflects the increased responsibilities and expectations placed upon these individuals.\n\nd. Leadership-Level Band: This band comprises salary ranges for managers and team leaders responsible for guiding and overseeing their respective teams. It considers their leadership abilities, strategic thinking, and the impact they have on the company's success.\n\nMarket Benchmarking:\nTo ensure our compensation remains competitive, regular market benchmarking will be conducted. This involves analyzing industry salary trends, regional compensation data, and market demand for specific roles. The findings will inform periodic adjustments to our compensation bands to maintain alignment with the market.\n\nPerformance-Based Compensation:\nIn addition to the defined compensation bands, we emphasize a performance-based compensation model. Performance evaluations will be conducted regularly, and employees exceeding performance expectations will be eligible for bonuses, incentives, and salary increases. This approach rewards high achievers and motivates employees to excel in their roles.\n\nConclusion:\nBy implementing this compensation bands strategy, our IT company aims to establish fair and competitive compensation practices that align with market standards and foster employee satisfaction. Regular evaluations and market benchmarking will enable us to adapt and refine the strategy to meet the evolving needs of our organization.",
    "summary": "This document outlines a compensation framework for IT teams. It includes job levels, compensation bands, and performance-based incentives to ensure fair and competitive wages. Regular market benchmarking will be conducted to adjust the bands according to industry trends.",
    "name": "Compensation Framework For It Teams",
    "url": "https://enterprisesearch.sharepoint.com/:t:/s/MSBuilddemo/EaAFec6004tAg21g4i67rfgBBRqCm1yY7AZLLQyyaMtsEQ?e=wTMb4z",
    "created_on": "2018-01-12",
    "category": "sharepoint",
    "rolePermissions": ["manager"]
  },
  {
    "content": "As an employee in Canada, it's essential to understand how to update your tax elections forms to ensure accurate tax deductions from your pay. This guide will help you navigate the process of updating your TD1 Personal Tax Credits Return form.\n\nStep 1: Access the TD1 form\nThe TD1 form is available on the Canada Revenue Agency (CRA) website. Your employer might provide you with a paper copy or a link to the online form. You can access the form directly through the following link: https://www.canada.ca/en/revenue-agency/services/forms-publications/td1-personal-tax-credits-returns.html\n\nStep 2: Choose the correct form version\nYou'll need to fill out the federal TD1 form and, if applicable, the provincial or territorial TD1 form. Select the appropriate version based on your province or territory of residence.\n\nStep 3: Download and open the form\nFor the best experience, download and open the TD1 form in Adobe Reader. If you have visual impairments, consider using the large print version available on the CRA website.\n\nStep 4: Complete the form\nFill out the form by entering your personal information, such as your name, Social Insurance Number (SIN), and address. Then, go through each section to claim any personal tax credits that apply to you. These credits may include:\nBasic personal amount\nAmount for an eligible dependant\nAmount for infirm dependants age 18 or older\nCaregiver amount\nDisability amount\nTuition and education amounts\n\nRead the instructions carefully for each section to ensure you claim the correct amounts.\n\nStep 5: Sign and date the form\nOnce you've completed the form, sign and date it at the bottom.\n\nStep 6: Submit the form to your employer\nSubmit the completed and signed TD1 form to your employer. You can either scan and send it electronically, or provide a printed copy. Your employer will use the information on your TD1 form to calculate the correct amount of tax to be deducted from your pay.\n\nStep 7: Update your TD1 form as needed\nIt's essential to update your TD1 form whenever your personal circumstances change, such as getting married, having a child, or becoming eligible for a new tax credit. Inform your employer of these changes and submit an updated TD1 form to ensure accurate tax deductions.\n\nUpdating your tax elections forms is a crucial step in ensuring the correct tax deductions from your pay as a new employee in Canada. Follow this guide and keep your TD1 form up to date to avoid any discrepancies in your tax filings.\n",
    "summary": ": This guide gives a step-by-step explanation of how to update your TD1 Personal Tax Credits Return form. Access the form from the CRA website and choose the correct version based on your province or territory of residence. Download and open the form in Adobe Reader, fill out the form by entering",
    "name": "Updating Your Tax Elections Forms",
    "url": "./github/Updating Your Tax Elections Forms.txt",
    "created_on": "2022-12-20",
    "category": "github",
    "rolePermissions": ["demo", "manager"]
  },
  {
    "content": "Welcome to our team! We are excited to have you on board and look forward to your valuable contributions. This onboarding guide is designed to help you get started by providing essential information about our policies, procedures, and resources. Please read through this guide carefully and reach out to the HR department if you have any questions.\nIntroduction to Our Company Culture and Values\nOur company is committed to creating a diverse, inclusive, and supportive work environment. We believe that our employees are our most valuable asset and strive to foster a culture of collaboration, innovation, and continuous learning. Our core values include:\nIntegrity: We act ethically and honestly in all our interactions.\nTeamwork: We work together to achieve common goals and support each other's growth.\nExcellence: We strive for the highest quality in our products, services, and relationships.\nInnovation: We encourage creativity and embrace change to stay ahead in the market.\nRespect: We treat each other with dignity and value the unique perspectives of all our colleagues.\nKey Onboarding Steps\nTo ensure a smooth onboarding process, please complete the following steps within your first week:\nAttend orientation: You will be invited to an orientation session to meet your colleagues and learn more about our company's history, mission, and values.\nReview policies and procedures: Familiarize yourself with our employee handbook, which contains important information about our policies and procedures. Please read it thoroughly and adhere to the guidelines.\nComplete required training: You may be required to complete mandatory training sessions, such as safety training or anti-harassment training. Ensure that you attend and complete these sessions as soon as possible.\nUpdating Tax Elections and Documents\nIt is crucial to ensure your tax information is accurate and up-to-date, regardless of the country you work in. Please follow these steps to update your tax elections and documents:\nComplete tax forms: Fill out the necessary tax forms for your country or region, which determine the amount of income tax withheld from your paycheck. You should complete new tax forms if your personal or financial situation changes, such as marriage, divorce, or a change in the number of dependents.\nSubmit regional tax forms: Depending on your location, you may be required to complete additional regional or local tax forms. Check with the HR department to determine which forms are necessary.\nUpdate your address: If you move, make sure to update your address with the HR department to ensure accurate tax reporting.\nBenefits Enrollment\nAs a new employee, you are eligible for various benefits, including health insurance, retirement plans, and paid time off. You will receive detailed information about our benefits package during orientation. To enroll in the benefits, please follow these steps:\nReview benefits options: Carefully review the benefits package and choose the options that best meet your needs.\nComplete enrollment forms: Fill out the necessary forms to enroll in your chosen benefits. Submit these forms to the HR department within 30 days of your start date.\nDesignate beneficiaries: If applicable, designate beneficiaries for your life insurance and retirement plans.\nGetting Settled in Your Workspace\nTo help you feel comfortable and productive in your new workspace, take the following steps:\nSet up your workstation: Organize your desk, chair, and computer according to your preferences. If you require any additional equipment or accommodations, please contact the HR department.\nObtain necessary supplies: Request any necessary office supplies, such as pens, notepads, or folders, from the designated supply area or by contacting the appropriate department.\nFamiliarize yourself with office resources: Locate common areas, such as break rooms, restrooms, and meeting rooms. Familiarize yourself with office equipment, including printers, scanners, and telephones.\n",
    "summary": "\nThis onboarding guide provides essential information to new employees on our company culture and values, key onboarding steps, tax elections and documents, benefits enrollment, and setting up their workspace.",
    "name": "New Employee Onboarding Guide",
    "url": "./github/New Employee Onboarding guide.txt",
    "created_on": "2018-01-12",
    "category": "github",
    "rolePermissions": ["demo", "manager"]
  }
]
